{
    "note": " Z1, Z2, Z3 was used to store calibration for head Z1, Z2, Z3, Tips is the corridinate of tips",
    "A1": [
        0,
        0,
        167.0
    ],
    "A2": [
        0,
        0,
        165.0
    ],
    "A3": [
        0.0,
        0.0,
        5.0
    ],
    "A4": [
        0,
        0,
        135.0
    ],
    "A5": [
        0,
        0,
        0.0
    ],
    "B1": [
        0.0,
        0,
        169.0
    ],
    "B2": [
        0.0,
        0.0,
        170.0
    ],
    "B3": [
        20.400000000000034,
        51.359999999999985,
        75.0
    ],
    "B4": [
        0,
        0,
        0.0
    ],
    "B5": [
        0,
        0,
        0.0
    ],
    "C1": [
        0,
        0,
        35.0
    ],
    "C2": [
        0,
        0,
        5.0
    ],
    "C3": [
        0,
        0,
        75.0
    ],
    "C4": [
        0,
        0,
        110.0
    ],
    "C5": [
        0.6000000000001364,
        1.0200000000000102,
        144.0
    ],
    "R1": [
        23.169999999999973,
        -40.17999999999998,
        143.0
    ],
    "R2": [
        25.455,
        -41.119999999999976,
        75.0
    ],
    "R3": [
        21.354999999999976,
        -64.91999999999999,
        99.0
    ],
    "R4": [
        51.55500000000002,
        -37.620000000000005,
        67.0
    ],
    "Z1": [
        156.8,
        192.96,
        119.0
    ],
    "Z2": [
        103.04,
        192.64,
        125.0
    ],
    "Z3": [
        52.8,
        194.56,
        166.5
    ],
    "tips_1000uL": [
        0,
        0,
        182.0
    ],
    "tips_50uL": [
        0,
        0,
        182.0
    ],
    "current_tip": 12,
    "current_tip_small": 14
}